Filename,Count < 0.50,Total Records
sentence_160.csv,6,5967
sentence_89.csv,4,4896
sentence_1240.csv,276,2448
sentence_845.csv,2,3978
sentence_1109.csv,470,1122
sentence_112.csv,132,2754
sentence_1144.csv,192,4029
sentence_691.csv,0,4539
sentence_1816.csv,1174,3723
sentence_819.csv,0,3060
sentence_869.csv,0,4539
sentence_1082.csv,0,6375
sentence_479.csv,48,2652
sentence_1579.csv,74,3366
sentence_1649.csv,154,5304
sentence_314.csv,4,2091
sentence_952.csv,2,3876
sentence_1408.csv,6,3927
sentence_897.csv,10,4386
sentence_1752.csv,0,2856
sentence_970.csv,0,3723
sentence_1466.csv,112,2091
sentence_633.csv,0,6783
sentence_737.csv,746,2856
sentence_1780.csv,0,4692
sentence_1493.csv,0,2550
sentence_1668.csv,0,5100
sentence_1150.csv,0,8262
sentence_1689.csv,90,3264
sentence_1755.csv,586,3621
sentence_48.csv,0,2244
sentence_945.csv,24,2244
sentence_1047.csv,1176,2652
sentence_1182.csv,4,2244
sentence_1073.csv,0,5763
sentence_724.csv,16,5559
sentence_1114.csv,0,7446
sentence_831.csv,230,3723
sentence_1393.csv,352,5406
sentence_1186.csv,596,2652
sentence_1040.csv,80,4845
sentence_1300.csv,514,4131
sentence_267.csv,0,1683
sentence_386.csv,0,5967
sentence_33.csv,1374,1887
sentence_647.csv,84,6018
sentence_773.csv,0,3162
sentence_351.csv,0,4335
sentence_1365.csv,0,4590
sentence_218.csv,0,6834
sentence_142.csv,1656,5355
sentence_227.csv,4,3723
sentence_1671.csv,4,2856
sentence_1158.csv,0,10302
sentence_1103.csv,0,6885
sentence_1202.csv,0,4947
sentence_650.csv,964,3825
sentence_1289.csv,1168,4437
sentence_1411.csv,258,2499
sentence_1154.csv,918,2754
sentence_768.csv,2,2346
sentence_876.csv,0,6681
sentence_1522.csv,2,9843
sentence_1467.csv,1046,5610
sentence_1808.csv,20,3060
sentence_1237.csv,2132,6120
sentence_855.csv,0,3468
sentence_1786.csv,8,3111
sentence_513.csv,0,3264
sentence_684.csv,2,1479
sentence_956.csv,52,5253
sentence_1475.csv,80,5202
sentence_1306.csv,662,7191
sentence_1737.csv,0,3723
sentence_148.csv,246,7548
sentence_1337.csv,4,6936
sentence_430.csv,0,4998
sentence_1027.csv,90,6987
sentence_500.csv,92,3825
sentence_1658.csv,24,3315
sentence_519.csv,0,5712
sentence_313.csv,3032,6375
sentence_978.csv,8,9741
sentence_229.csv,0,5100
sentence_1701.csv,0,969
sentence_1439.csv,380,5151
sentence_281.csv,0,5355
sentence_943.csv,124,3570
sentence_1007.csv,0,7344
sentence_799.csv,0,3825
sentence_1506.csv,6,2040
sentence_770.csv,2,5355
sentence_1269.csv,352,2499
sentence_144.csv,0,1275
sentence_744.csv,128,6018
sentence_1265.csv,12,969
sentence_1256.csv,86,102
sentence_721.csv,14,3162
sentence_57.csv,1402,3825
sentence_639.csv,4,5508
sentence_604.csv,0,6222
sentence_646.csv,42,9027
sentence_1175.csv,1590,2397
sentence_269.csv,0,4437
sentence_620.csv,30,1785
sentence_1792.csv,22,3468
sentence_986.csv,4,459
sentence_330.csv,0,6018
sentence_1433.csv,64,6018
sentence_420.csv,64,714
sentence_1181.csv,66,6120
sentence_1259.csv,2,3213
sentence_1558.csv,0,4386
sentence_1176.csv,346,6324
sentence_969.csv,4,4641
sentence_866.csv,730,5253
sentence_1022.csv,30,5151
sentence_24.csv,2,6273
sentence_1797.csv,2,3978
sentence_1261.csv,0,6579
sentence_1196.csv,2,3213
sentence_1080.csv,250,4590
sentence_1650.csv,0,6426
sentence_496.csv,0,3621
sentence_1033.csv,0,4743
sentence_1000.csv,2,7293
sentence_784.csv,0,5865
sentence_30.csv,32,1479
sentence_1232.csv,2,3264
sentence_1495.csv,188,5610
sentence_243.csv,248,5865
sentence_1297.csv,1766,3774
sentence_1812.csv,230,3315
sentence_297.csv,12,4029
sentence_1350.csv,246,1224
sentence_483.csv,0,1887
sentence_617.csv,3558,7599
sentence_473.csv,0,3315
sentence_131.csv,0,4896
sentence_1691.csv,76,2652
sentence_1642.csv,2,7038
sentence_413.csv,4,1734
sentence_1469.csv,2,1326
sentence_1015.csv,16,4896
sentence_852.csv,2,3417
sentence_862.csv,218,3774
sentence_113.csv,38,2040
sentence_613.csv,184,1326
sentence_108.csv,60,3264
sentence_259.csv,14,6681
sentence_664.csv,1056,3264
sentence_1619.csv,758,3621
sentence_12.csv,72,4896
sentence_18.csv,0,4284
sentence_635.csv,10,5457
sentence_1111.csv,0,2397
sentence_1205.csv,0,3774
sentence_236.csv,210,2244
sentence_448.csv,88,6273
sentence_1135.csv,2,2652
sentence_1138.csv,0,1020
sentence_440.csv,74,6732
sentence_641.csv,226,969
sentence_1496.csv,0,5661
sentence_1748.csv,512,8619
sentence_447.csv,16,1581
sentence_355.csv,140,1734
sentence_1669.csv,246,1632
sentence_814.csv,2,1275
sentence_590.csv,700,3672
sentence_1766.csv,218,4896
sentence_1249.csv,2,6477
sentence_365.csv,0,1938
sentence_87.csv,124,3417
sentence_1806.csv,8,3876
sentence_100.csv,164,969
sentence_474.csv,256,1326
sentence_960.csv,2,1428
sentence_25.csv,0,3417
sentence_1700.csv,4,765
sentence_315.csv,14,2754
sentence_812.csv,0,3774
sentence_1749.csv,0,2805
sentence_629.csv,66,4641
sentence_1343.csv,24,5049
sentence_683.csv,182,4335
sentence_273.csv,4,6171
sentence_501.csv,212,3417
sentence_1446.csv,0,4947
sentence_7.csv,34,6069
sentence_1817.csv,0,3111
sentence_331.csv,0,7038
sentence_1140.csv,234,918
sentence_1312.csv,50,3009
sentence_136.csv,156,1071
sentence_1422.csv,24,2550
sentence_1409.csv,84,2499
sentence_832.csv,0,6018
sentence_90.csv,386,2040
sentence_1270.csv,242,4437
sentence_1415.csv,98,3264
sentence_73.csv,0,4539
sentence_1632.csv,2,1530
sentence_66.csv,608,6375
sentence_850.csv,16,2856
sentence_80.csv,0,3825
sentence_758.csv,44,3723
sentence_778.csv,2,2142
sentence_55.csv,1130,3876
sentence_356.csv,16,2244
sentence_615.csv,4,4794
sentence_1535.csv,2,3264
sentence_821.csv,0,6936
sentence_833.csv,490,5355
sentence_470.csv,0,4539
sentence_811.csv,104,2397
sentence_364.csv,0,5661
sentence_971.csv,2,3672
sentence_1655.csv,2,5661
sentence_977.csv,106,5406
sentence_540.csv,0,7599
sentence_710.csv,0,6477
sentence_1562.csv,6,4590
sentence_1157.csv,1420,6783
sentence_1245.csv,2,3417
sentence_1622.csv,0,3009
sentence_226.csv,8,6528
sentence_368.csv,42,3417
sentence_1404.csv,2,1173
sentence_813.csv,178,5712
sentence_268.csv,0,4794
sentence_661.csv,0,5202
sentence_1762.csv,544,4998
sentence_577.csv,140,6324
sentence_630.csv,0,5865
sentence_951.csv,146,4794
sentence_1313.csv,0,7905
sentence_256.csv,84,5661
sentence_135.csv,596,1836
sentence_161.csv,2,7854
sentence_676.csv,0,7701
sentence_987.csv,0,4335
sentence_168.csv,0,2550
sentence_1061.csv,2,5457
sentence_516.csv,0,7599
sentence_1508.csv,40,3162
sentence_671.csv,14,4641
sentence_157.csv,22,1020
sentence_1028.csv,0,7293
sentence_933.csv,0,8670
sentence_262.csv,184,3366
sentence_358.csv,2180,5406
sentence_117.csv,6,4284
sentence_261.csv,0,2805
sentence_571.csv,0,3060
sentence_1226.csv,2,2244
sentence_1006.csv,0,4029
sentence_1564.csv,0,7548
sentence_1274.csv,22,2295
sentence_1136.csv,156,3876
sentence_63.csv,52,1887
sentence_921.csv,0,1887
sentence_1280.csv,0,5916
sentence_222.csv,2,4233
sentence_1530.csv,0,1836
sentence_1321.csv,90,2550
sentence_234.csv,8,1479
sentence_796.csv,0,8109
sentence_219.csv,46,5049
sentence_793.csv,0,6120
sentence_654.csv,1392,4284
sentence_1377.csv,8,2193
sentence_1341.csv,0,2244
sentence_245.csv,50,6375
sentence_939.csv,0,3519
sentence_911.csv,0,310
sentence_1164.csv,0,2805
sentence_1644.csv,12,3723
sentence_1767.csv,2,4845
sentence_1537.csv,0,6987
sentence_1750.csv,1118,4590
sentence_1597.csv,200,3060
sentence_574.csv,206,6579
sentence_320.csv,142,5151
sentence_1394.csv,2,2652
sentence_991.csv,224,6018
sentence_1153.csv,0,2703
sentence_1148.csv,0,7242
sentence_159.csv,20,918
sentence_442.csv,12,2652
sentence_1720.csv,2772,4029
sentence_1498.csv,2,3417
sentence_377.csv,1708,5814
sentence_1656.csv,90,3060
sentence_119.csv,84,4437
sentence_1512.csv,42,2703
sentence_1034.csv,0,4998
sentence_1702.csv,2,1734
sentence_1763.csv,0,1377
sentence_1344.csv,194,7395
sentence_1489.csv,0,3162
sentence_1299.csv,0,5610
sentence_1623.csv,0,3111
sentence_1287.csv,0,6069
sentence_1463.csv,68,1428
sentence_260.csv,4,2958
sentence_294.csv,4,2448
sentence_1590.csv,0,9843
sentence_871.csv,114,6987
sentence_204.csv,244,3213
sentence_1703.csv,0,6324
sentence_335.csv,812,3264
sentence_1400.csv,2,2754
sentence_56.csv,0,2346
sentence_555.csv,0,8874
sentence_1020.csv,18,4998
sentence_1784.csv,2800,5151
sentence_1098.csv,0,3264
sentence_1577.csv,0,4233
sentence_1212.csv,2,4080
sentence_390.csv,528,3927
sentence_1375.csv,20,3519
sentence_1133.csv,2,3774
sentence_380.csv,50,1581
sentence_1267.csv,210,1785
sentence_1125.csv,14,9486
sentence_1705.csv,106,4641
sentence_1814.csv,26,4335
sentence_1659.csv,0,5763
sentence_1490.csv,0,2091
sentence_1551.csv,404,4080
sentence_1768.csv,132,2856
sentence_682.csv,398,1581
sentence_1718.csv,520,10098
sentence_785.csv,42,1275
sentence_16.csv,2,4743
sentence_1214.csv,0,918
sentence_702.csv,700,1785
sentence_70.csv,1560,3978
sentence_1532.csv,22,1224
sentence_1285.csv,146,5355
sentence_730.csv,46,3825
sentence_1485.csv,248,7701
sentence_1680.csv,54,4029
sentence_1798.csv,0,3060
sentence_1346.csv,100,1224
sentence_190.csv,2,3060
sentence_102.csv,26,4437
sentence_1223.csv,1838,5559
sentence_1218.csv,6,6783
sentence_257.csv,68,2346
sentence_1456.csv,6,2550
sentence_514.csv,0,4386
sentence_1293.csv,920,3366
sentence_1435.csv,268,1275
sentence_681.csv,1890,5814
sentence_378.csv,0,6630
sentence_1478.csv,12,5814
sentence_26.csv,4,3774
sentence_1221.csv,1960,3621
sentence_369.csv,4,2652
sentence_1573.csv,0,6834
sentence_1516.csv,2018,3825
sentence_823.csv,1030,4539
sentence_752.csv,20,3672
sentence_59.csv,270,1938
sentence_1526.csv,72,4335
sentence_565.csv,0,4998
sentence_1233.csv,1738,4896
sentence_387.csv,0,6681
sentence_363.csv,100,5355
sentence_1095.csv,0,3519
sentence_328.csv,2,3723
sentence_255.csv,752,1326
sentence_1217.csv,258,4743
sentence_510.csv,30,3315
sentence_1460.csv,4,6579
sentence_1296.csv,102,6528
sentence_1462.csv,0,6324
sentence_673.csv,66,918
sentence_278.csv,286,4845
sentence_938.csv,0,4743
sentence_332.csv,988,1938
sentence_1413.csv,764,4845
sentence_955.csv,368,1530
sentence_973.csv,4,5049
sentence_1711.csv,0,6630
sentence_21.csv,20,1989
sentence_1447.csv,2,5661
sentence_1120.csv,0,7293
sentence_1026.csv,0,5763
sentence_207.csv,32,2142
sentence_1234.csv,10,3672
sentence_211.csv,0,4488
sentence_1290.csv,266,8772
sentence_416.csv,12,4182
sentence_1055.csv,0,2040
sentence_781.csv,50,1530
sentence_433.csv,0,5304
sentence_1209.csv,2,3162
sentence_1430.csv,2670,3723
sentence_888.csv,250,2703
sentence_564.csv,6,5355
sentence_595.csv,874,2754
sentence_106.csv,20,2550
sentence_407.csv,194,1836
sentence_93.csv,22,5100
sentence_246.csv,294,1377
sentence_795.csv,0,2448
sentence_1272.csv,8,3315
sentence_1617.csv,3020,4947
sentence_3.csv,374,2448
sentence_622.csv,558,2397
sentence_1476.csv,126,4080
sentence_1332.csv,16,2907
sentence_1482.csv,182,2754
sentence_316.csv,0,4896
sentence_932.csv,0,7191
sentence_414.csv,2,1326
sentence_580.csv,0,4029
sentence_460.csv,0,6069
sentence_1774.csv,2,4998
sentence_896.csv,50,3060
sentence_306.csv,6,2040
sentence_1353.csv,0,3825
sentence_437.csv,18,1683
sentence_703.csv,12,1632
sentence_1557.csv,98,2754
sentence_1382.csv,60,5559
sentence_348.csv,98,3723
sentence_585.csv,0,8415
sentence_1421.csv,2,1326
sentence_499.csv,0,5661
sentence_1494.csv,288,5916
sentence_733.csv,0,3825
sentence_13.csv,34,3264
sentence_941.csv,0,2448
sentence_210.csv,10,2040
sentence_616.csv,178,7497
sentence_547.csv,0,3060
sentence_899.csv,0,4488
sentence_5.csv,0,2958
sentence_994.csv,38,4488
sentence_836.csv,482,6579
sentence_196.csv,206,2499
sentence_75.csv,0,5508
sentence_96.csv,8,3009
sentence_187.csv,96,5661
sentence_925.csv,146,1173
sentence_984.csv,0,5253
sentence_900.csv,26,3366
sentence_480.csv,0,3876
sentence_486.csv,106,6018
sentence_690.csv,402,2652
sentence_1580.csv,2,2601
sentence_8.csv,2724,4437
sentence_83.csv,76,2601
sentence_505.csv,0,3672
sentence_1729.csv,224,4029
sentence_1319.csv,4,5508
sentence_867.csv,0,7905
sentence_1431.csv,0,5610
sentence_503.csv,188,1428
sentence_1747.csv,0,2295
sentence_909.csv,126,1275
sentence_569.csv,2,4743
sentence_874.csv,0,2193
sentence_239.csv,594,4743
sentence_263.csv,184,5967
sentence_1554.csv,0,7038
sentence_71.csv,0,4794
sentence_1477.csv,62,3825
sentence_1684.csv,58,2652
sentence_1141.csv,4,2346
sentence_787.csv,424,3468
sentence_1397.csv,0,2907
sentence_1398.csv,4,714
sentence_917.csv,500,1836
sentence_972.csv,46,510
sentence_17.csv,2,2550
sentence_772.csv,246,6375
sentence_54.csv,64,1428
sentence_1429.csv,0,5253
sentence_381.csv,22,1377
sentence_719.csv,202,1122
sentence_1126.csv,4,2805
sentence_1807.csv,194,5814
sentence_329.csv,4,5406
sentence_1674.csv,0,5202
sentence_757.csv,116,4029
sentence_495.csv,2,3009
sentence_1647.csv,2,3876
sentence_1211.csv,4,3213
sentence_1059.csv,38,1020
sentence_642.csv,0,5355
sentence_834.csv,56,7191
sentence_1819.csv,288,4029
sentence_1675.csv,0,5253
sentence_1252.csv,0,1785
sentence_1162.csv,1242,3876
sentence_389.csv,32,5610
sentence_128.csv,64,3468
sentence_1547.csv,10,4131
sentence_715.csv,504,2295
sentence_360.csv,178,1122
sentence_1657.csv,6,4947
sentence_47.csv,2,969
sentence_1615.csv,0,8007
sentence_1497.csv,0,8517
sentence_472.csv,0,1479
sentence_605.csv,44,1173
sentence_293.csv,4,5151
sentence_967.csv,348,2550
sentence_1426.csv,0,7140
sentence_1230.csv,132,2040
sentence_41.csv,246,2397
sentence_191.csv,4,2754
sentence_685.csv,0,3978
sentence_1010.csv,0,2193
sentence_1238.csv,4,2907
sentence_347.csv,242,1428
sentence_276.csv,194,2754
sentence_1509.csv,0,6018
sentence_697.csv,1582,6681
sentence_1444.csv,1832,7905
sentence_584.csv,0,3009
sentence_67.csv,110,1275
sentence_421.csv,1660,7038
sentence_1687.csv,294,969
sentence_1339.csv,0,2142
sentence_1121.csv,1004,3723
sentence_674.csv,2,1938
sentence_1390.csv,0,4080
sentence_162.csv,284,3111
sentence_1710.csv,2,3774
sentence_1468.csv,156,1887
sentence_640.csv,178,2652
sentence_826.csv,0,6885
sentence_401.csv,6,3417
sentence_166.csv,0,5508
sentence_937.csv,130,765
sentence_1771.csv,228,4233
sentence_456.csv,264,3264
sentence_1364.csv,8,1530
sentence_745.csv,44,1020
sentence_410.csv,934,4590
sentence_1366.csv,0,5712
sentence_1441.csv,216,2856
sentence_689.csv,0,1887
sentence_1286.csv,0,5865
sentence_399.csv,0,2295
sentence_1566.csv,94,3570
sentence_1070.csv,180,3162
sentence_1235.csv,14,6018
sentence_1351.csv,282,1581
sentence_1572.csv,20,3366
sentence_1244.csv,158,5406
sentence_419.csv,2,2091
sentence_543.csv,348,4641
sentence_1046.csv,0,4947
sentence_1004.csv,440,1122
sentence_545.csv,184,5406
sentence_1291.csv,2,4437
sentence_1753.csv,2,1275
sentence_1733.csv,1690,2652
sentence_1131.csv,62,2295
sentence_1185.csv,0,6018
sentence_298.csv,0,2805
sentence_1635.csv,0,1122
sentence_957.csv,392,2397
sentence_1602.csv,760,2703
sentence_825.csv,0,4437
sentence_886.csv,570,6069
sentence_184.csv,0,1377
sentence_598.csv,0,6630
sentence_905.csv,0,5559
sentence_711.csv,4,5202
sentence_534.csv,2270,3978
sentence_107.csv,190,4539
sentence_150.csv,0,3213
sentence_127.csv,2,2193
sentence_185.csv,0,4437
sentence_1500.csv,72,1530
sentence_1406.csv,0,2397
sentence_1067.csv,22,4182
sentence_1115.csv,66,1581
sentence_1378.csv,346,1530
sentence_52.csv,106,4947
sentence_868.csv,232,3009
sentence_558.csv,8,9333
sentence_1257.csv,4,5202
sentence_467.csv,102,4029
sentence_1667.csv,110,765
sentence_441.csv,0,3621
sentence_544.csv,4,3774
sentence_1334.csv,0,4998
sentence_1391.csv,4,4896
sentence_542.csv,0,3723
sentence_393.csv,0,3060
sentence_1479.csv,0,4692
sentence_237.csv,202,5610
sentence_400.csv,0,5712
sentence_94.csv,74,2856
sentence_45.csv,2,5508
sentence_975.csv,568,1734
sentence_307.csv,200,714
sentence_643.csv,0,5763
sentence_37.csv,4,1836
sentence_1381.csv,0,3264
sentence_1146.csv,0,3417
sentence_362.csv,22,3315
sentence_1231.csv,92,3825
sentence_1283.csv,98,6222
sentence_1448.csv,0,4233
sentence_1793.csv,0,4845
sentence_1445.csv,0,5253
sentence_1480.csv,6,4794
sentence_570.csv,626,3009
sentence_1064.csv,0,4131
sentence_1093.csv,0,2601
sentence_1250.csv,44,1581
sentence_529.csv,12,3468
sentence_264.csv,0,3060
sentence_1565.csv,446,3264
sentence_1486.csv,6,3621
sentence_1215.csv,1386,2040
sentence_487.csv,302,3876
sentence_224.csv,50,2040
sentence_1704.csv,0,4233
sentence_1354.csv,414,1683
sentence_1696.csv,4,7038
sentence_942.csv,44,2499
sentence_950.csv,20,2856
sentence_1276.csv,0,4488
sentence_779.csv,0,5610
sentence_698.csv,34,4029
sentence_1651.csv,640,1326
sentence_774.csv,0,2907
sentence_98.csv,142,5712
sentence_1178.csv,0,2499
sentence_1340.csv,286,969
sentence_666.csv,0,2958
sentence_446.csv,680,6171
sentence_105.csv,6,1275
sentence_1338.csv,8,2550
sentence_1003.csv,10,918
sentence_1207.csv,0,4335
sentence_291.csv,2,6375
sentence_1607.csv,120,4692
sentence_1412.csv,84,7650
sentence_1311.csv,0,3774
sentence_692.csv,6,5763
sentence_1200.csv,796,5151
sentence_61.csv,76,4743
sentence_655.csv,0,3825
sentence_2.csv,206,3978
sentence_1820.csv,312,5508
sentence_1105.csv,0,2295
sentence_550.csv,2,3774
sentence_924.csv,12,2346
sentence_1298.csv,168,1530
sentence_1586.csv,158,3366
sentence_1019.csv,24,3009
sentence_1191.csv,296,1989
sentence_1576.csv,8,4182
sentence_608.csv,0,3519
sentence_518.csv,248,4641
sentence_738.csv,0,1938
sentence_1012.csv,4,4131
sentence_908.csv,238,6885
sentence_628.csv,2,2856
sentence_383.csv,222,4488
sentence_1575.csv,2,1632
sentence_678.csv,2,1428
sentence_1621.csv,76,4794
sentence_1673.csv,2,2601
sentence_1081.csv,2,5253
sentence_1258.csv,150,2550
sentence_1123.csv,26,5202
sentence_1262.csv,0,4488
sentence_1302.csv,0,4284
sentence_376.csv,0,6477
sentence_1662.csv,10,7803
sentence_1204.csv,200,3927
sentence_40.csv,2,3315
sentence_151.csv,0,4335
sentence_1582.csv,6,3825
sentence_299.csv,0,4692
sentence_0.csv,0,1581
sentence_1225.csv,24,7701
sentence_923.csv,14,6324
sentence_686.csv,0,4437
sentence_1550.csv,0,6834
sentence_894.csv,2,4896
sentence_1387.csv,12,4182
sentence_864.csv,0,3468
sentence_469.csv,196,3264
sentence_842.csv,0,1632
sentence_305.csv,2,4131
sentence_1811.csv,230,612
sentence_612.csv,446,2805
sentence_1524.csv,0,4437
sentence_1789.csv,1062,10251
sentence_1266.csv,0,1683
sentence_817.csv,306,2601
sentence_1424.csv,152,1173
sentence_818.csv,194,7293
sentence_588.csv,0,3162
sentence_759.csv,0,4743
sentence_206.csv,0,3468
sentence_132.csv,44,6783
sentence_201.csv,0,4947
sentence_235.csv,0,4539
sentence_289.csv,2,6528
sentence_1815.csv,176,2346
sentence_170.csv,0,5865
sentence_648.csv,0,8211
sentence_248.csv,0,2703
sentence_22.csv,0,4845
sentence_889.csv,0,9282
sentence_1305.csv,20,1275
sentence_274.csv,254,2142
sentence_805.csv,254,6477
sentence_43.csv,0,2295
sentence_1224.csv,116,4029
sentence_1094.csv,156,5712
sentence_1591.csv,2,2754
sentence_310.csv,0,5355
sentence_600.csv,404,2040
sentence_178.csv,0,3825
sentence_902.csv,8,1581
sentence_735.csv,1252,3468
sentence_1145.csv,16,4029
sentence_1.csv,0,6120
sentence_663.csv,90,5151
sentence_843.csv,0,1479
sentence_1328.csv,0,3366
sentence_1527.csv,0,3162
sentence_705.csv,116,561
sentence_835.csv,84,510
sentence_1504.csv,122,1785
sentence_104.csv,0,6426
sentence_1122.csv,14,4947
sentence_1707.csv,6,2652
sentence_508.csv,794,4386
sentence_884.csv,686,2193
sentence_53.csv,964,8823
sentence_947.csv,126,2499
sentence_425.csv,154,3519
sentence_563.csv,108,4998
sentence_1113.csv,0,6069
sentence_1488.csv,8,5559
sentence_1190.csv,100,3315
sentence_302.csv,106,4182
sentence_195.csv,8,2397
sentence_1813.csv,2,4029
sentence_86.csv,2,4080
sentence_1585.csv,200,4947
sentence_998.csv,192,5967
sentence_713.csv,2,4437
sentence_1253.csv,1636,7242
sentence_403.csv,0,2193
sentence_1631.csv,2,3264
sentence_609.csv,924,6477
sentence_1127.csv,0,6681
sentence_997.csv,358,4488
sentence_1307.csv,0,2499
sentence_341.csv,240,2040
sentence_1325.csv,126,3621
sentence_1072.csv,1338,4335
sentence_729.csv,0,1836
sentence_342.csv,0,816
sentence_344.csv,56,5253
sentence_422.csv,0,9078
sentence_1638.csv,0,4437
sentence_597.csv,2,9180
sentence_65.csv,144,1071
sentence_72.csv,0,3927
sentence_1417.csv,306,3366
sentence_992.csv,94,4947
sentence_213.csv,216,2907
sentence_541.csv,1212,2346
sentence_384.csv,0,6018
sentence_1335.csv,0,4029
sentence_1685.csv,0,5712
sentence_1517.csv,0,6018
sentence_861.csv,132,1989
sentence_44.csv,0,5202
sentence_1163.csv,0,3927
sentence_537.csv,28,5508
sentence_158.csv,220,5253
sentence_548.csv,4,4284
sentence_271.csv,2470,8670
sentence_699.csv,0,4284
sentence_1574.csv,42,1734
sentence_561.csv,0,3468
sentence_1652.csv,2694,9945
sentence_583.csv,0,4182
sentence_464.csv,44,4947
sentence_944.csv,0,5967
sentence_662.csv,0,5559
sentence_457.csv,4,5661
sentence_976.csv,0,4029
sentence_197.csv,0,7395
sentence_1443.csv,6,1989
sentence_1614.csv,2,2856
sentence_493.csv,2,1173
sentence_1345.csv,0,4641
sentence_879.csv,0,8262
sentence_1664.csv,324,5916
sentence_1584.csv,0,4896
sentence_1688.csv,878,4437
sentence_371.csv,6,1785
sentence_1785.csv,782,4794
sentence_1695.csv,540,5355
sentence_1452.csv,1282,5559
sentence_309.csv,2,4794
sentence_1481.csv,524,9129
sentence_359.csv,32,1887
sentence_1017.csv,0,2703
sentence_450.csv,0,6630
sentence_345.csv,42,3111
sentence_688.csv,2,5049
sentence_1533.csv,1342,4845
sentence_1744.csv,1064,2091
sentence_677.csv,0,1734
sentence_523.csv,0,1734
sentence_839.csv,206,10302
sentence_1738.csv,54,4488
sentence_85.csv,2662,4029
sentence_1194.csv,2036,4131
sentence_1686.csv,0,1632
sentence_449.csv,1102,2448
sentence_1405.csv,838,4335
sentence_706.csv,10,7548
sentence_1128.csv,2,2448
sentence_1149.csv,666,2958
sentence_122.csv,0,8211
sentence_512.csv,364,2703
sentence_84.csv,4,4641
sentence_1246.csv,1102,3111
sentence_1048.csv,1390,3978
sentence_1698.csv,0,3468
sentence_1736.csv,8,6120
sentence_1173.csv,44,3621
sentence_1097.csv,160,2499
sentence_10.csv,0,2703
sentence_1056.csv,20,6579
sentence_601.csv,84,7854
sentence_552.csv,60,459
sentence_980.csv,0,6069
sentence_116.csv,4,4845
sentence_1087.csv,2,6324
sentence_1058.csv,448,4590
sentence_1625.csv,0,6375
sentence_1032.csv,30,3162
sentence_870.csv,318,5814
sentence_841.csv,40,2499
sentence_1193.csv,922,7548
sentence_680.csv,0,4131
sentence_438.csv,0,4488
sentence_959.csv,218,1428
sentence_1472.csv,2,7854
sentence_1399.csv,198,1989
sentence_1371.csv,0,5508
sentence_748.csv,2,4080
sentence_1595.csv,10,3672
sentence_599.csv,0,4182
sentence_154.csv,294,4539
sentence_91.csv,0,6375
sentence_1549.csv,0,4284
sentence_99.csv,358,5100
sentence_79.csv,0,1836
sentence_1800.csv,136,1887
sentence_1330.csv,252,4641
sentence_1380.csv,40,3162
sentence_1147.csv,16,7497
sentence_798.csv,8,4029
sentence_1112.csv,0,8874
sentence_625.csv,4,2958
sentence_29.csv,2,4437
sentence_1031.csv,366,3417
sentence_974.csv,676,3774
sentence_321.csv,12,3825
sentence_873.csv,458,5253
sentence_295.csv,0,3060
sentence_1066.csv,0,5406
sentence_214.csv,0,6171
sentence_786.csv,36,3927
sentence_1778.csv,3980,6834
sentence_1743.csv,2,4539
sentence_35.csv,0,7905
sentence_1248.csv,14,3876
sentence_1129.csv,0,9180
sentence_1640.csv,52,5457
sentence_164.csv,80,1071
sentence_324.csv,2,4182
sentence_1071.csv,22,3417
sentence_668.csv,376,4845
sentence_893.csv,0,4590
sentence_1384.csv,0,6426
sentence_492.csv,0,2397
sentence_1347.csv,176,5049
sentence_1725.csv,0,4080
sentence_1106.csv,20,6171
sentence_337.csv,160,4794
sentence_1471.csv,0,8211
sentence_1592.csv,74,4794
sentence_68.csv,0,3366
sentence_553.csv,4,3927
sentence_1156.csv,116,2091
sentence_114.csv,410,1836
sentence_1552.csv,0,4029
sentence_587.csv,0,4080
sentence_454.csv,0,3723
sentence_1326.csv,96,1530
sentence_250.csv,0,3672
sentence_402.csv,0,3774
sentence_851.csv,272,2091
sentence_141.csv,0,3315
sentence_520.csv,22,2907
sentence_953.csv,50,4998
sentence_343.csv,0,4335
sentence_1654.csv,4,5712
sentence_1534.csv,78,2499
sentence_176.csv,2,5814
sentence_1470.csv,28,5049
sentence_137.csv,80,1071
sentence_1273.csv,60,2703
sentence_152.csv,164,1428
sentence_1161.csv,2,1122
sentence_186.csv,6,6936
sentence_1043.csv,0,5865
sentence_1401.csv,0,7803
sentence_750.csv,526,4080
sentence_1454.csv,312,3825
sentence_771.csv,4,2142
sentence_1278.csv,2,2652
sentence_1427.csv,924,3213
sentence_878.csv,20,5712
sentence_1418.csv,730,2754
sentence_644.csv,142,1275
sentence_731.csv,114,2295
sentence_1543.csv,114,1938
sentence_990.csv,0,2754
sentence_1303.csv,0,2244
sentence_1402.csv,4,2142
sentence_589.csv,2152,8364
sentence_1593.csv,0,4284
sentence_581.csv,2,3468
sentence_287.csv,58,3009
sentence_300.csv,64,6732
sentence_426.csv,0,5151
sentence_216.csv,18,2193
sentence_1461.csv,0,5151
sentence_1076.csv,4,3774
sentence_586.csv,0,7140
sentence_1751.csv,58,1836
sentence_233.csv,234,5763
sentence_660.csv,32,2652
sentence_311.csv,162,8517
sentence_848.csv,0,4488
sentence_6.csv,476,4386
sentence_133.csv,6,2040
sentence_265.csv,12,4641
sentence_530.csv,10,6069
sentence_1171.csv,0,6069
sentence_194.csv,42,2703
sentence_790.csv,4,3315
sentence_1271.csv,4,2805
sentence_1315.csv,14,1734
sentence_1776.csv,50,765
sentence_535.csv,2,4794
sentence_658.csv,836,1938
sentence_39.csv,4,2805
sentence_982.csv,26,3264
sentence_1432.csv,0,8160
sentence_1756.csv,88,4998
sentence_252.csv,0,7497
sentence_1389.csv,8,3417
sentence_177.csv,32,6018
sentence_485.csv,0,4284
sentence_820.csv,1790,5355
sentence_1192.csv,0,6885
sentence_408.csv,694,7548
sentence_791.csv,0,2346
sentence_712.csv,0,2652
sentence_777.csv,0,4590
sentence_803.csv,0,5610
sentence_914.csv,0,4743
sentence_97.csv,66,2856
sentence_1487.csv,8,2550
sentence_1386.csv,218,3774
sentence_741.csv,0,4437
sentence_1110.csv,2,4386
sentence_318.csv,20,2295
sentence_15.csv,2,5457
sentence_1716.csv,4,9843
sentence_193.csv,394,1683
sentence_1777.csv,1018,5763
sentence_134.csv,0,4794
sentence_285.csv,0,3315
sentence_1726.csv,74,4233
sentence_1392.csv,0,765
sentence_406.csv,0,4590
sentence_280.csv,54,5916
sentence_863.csv,86,3366
sentence_891.csv,468,1836
sentence_1079.csv,0,4743
sentence_749.csv,840,3060
sentence_1436.csv,200,3213
sentence_1369.csv,90,1122
sentence_121.csv,512,4335
sentence_918.csv,106,4539
sentence_1719.csv,292,2346
sentence_432.csv,0,6018
sentence_1722.csv,0,3417
sentence_1731.csv,1610,8670
sentence_1775.csv,0,3876
sentence_476.csv,4,5253
sentence_4.csv,2,4437
sentence_1201.csv,22,6936
sentence_1425.csv,20,4335
sentence_20.csv,0,4998
sentence_718.csv,2,5559
sentence_336.csv,276,3927
sentence_1540.csv,1808,5304
sentence_1760.csv,0,1938
sentence_1781.csv,26,1173
sentence_1139.csv,0,8568
sentence_19.csv,10,1071
sentence_546.csv,838,6630
sentence_1449.csv,156,3978
sentence_1241.csv,168,6069
sentence_1282.csv,926,5661
sentence_1734.csv,16,5610
sentence_11.csv,2164,4284
sentence_656.csv,276,2703
sentence_1318.csv,240,4539
sentence_325.csv,4,2448
sentence_1761.csv,216,4080
sentence_111.csv,178,1428
sentence_1102.csv,0,4182
sentence_199.csv,8,4080
sentence_357.csv,2,5457
sentence_1818.csv,0,2397
sentence_34.csv,0,4896
sentence_506.csv,24,4284
sentence_1383.csv,1554,10455
sentence_1727.csv,160,1836
sentence_388.csv,18,3825
sentence_594.csv,168,4233
sentence_412.csv,104,7140
sentence_763.csv,0,4794
sentence_1320.csv,1310,3774
sentence_1663.csv,2,3060
sentence_709.csv,2,2040
sentence_800.csv,118,4692
sentence_1501.csv,0,4182
sentence_1295.csv,72,1377
sentence_1177.csv,246,2805
sentence_906.csv,260,918
sentence_1376.csv,12,7446
sentence_1024.csv,46,1224
sentence_1051.csv,10,4080
sentence_1555.csv,4,2040
sentence_901.csv,0,2754
sentence_1021.csv,168,6120
sentence_1039.csv,6,3315
sentence_1589.csv,2,2193
sentence_38.csv,0,6171
sentence_1101.csv,2,2397
sentence_1559.csv,192,5253
sentence_415.csv,2,3876
sentence_1587.csv,14,3774
sentence_1677.csv,4,1989
sentence_1679.csv,890,5712
sentence_996.csv,198,2040
sentence_1681.csv,4,2040
sentence_1620.csv,0,1989
sentence_995.csv,524,3570
sentence_76.csv,0,2499
sentence_1091.csv,50,1734
sentence_1459.csv,1568,4488
sentence_308.csv,2,5100
sentence_989.csv,470,2244
sentence_120.csv,590,3621
sentence_1323.csv,0,1836
sentence_434.csv,4,6783
sentence_1368.csv,0,6681
sentence_958.csv,0,3876
sentence_1388.csv,0,1479
sentence_1803.csv,0,2244
sentence_726.csv,0,4794
sentence_1036.csv,564,7140
sentence_1210.csv,2,3621
sentence_1661.csv,2,5865
sentence_1757.csv,2,8823
sentence_1758.csv,0,2295
sentence_903.csv,0,5865
sentence_559.csv,68,2193
sentence_634.csv,0,3111
sentence_1370.csv,52,3723
sentence_1329.csv,454,8619
sentence_579.csv,44,6630
sentence_1090.csv,4,1224
sentence_649.csv,920,4539
sentence_1414.csv,12,4590
sentence_775.csv,0,8262
sentence_1599.csv,78,1377
sentence_596.csv,0,9486
sentence_349.csv,2,7140
sentence_807.csv,50,1071
sentence_1464.csv,364,2040
sentence_58.csv,0,4335
sentence_202.csv,2,2040
sentence_1042.csv,2,4029
sentence_1294.csv,84,2448
sentence_350.csv,84,6426
sentence_827.csv,0,7803
sentence_1151.csv,0,4080
sentence_936.csv,222,5865
sentence_1739.csv,134,4794
sentence_1309.csv,200,3366
sentence_1553.csv,0,663
sentence_1001.csv,8,3264
sentence_533.csv,14,4029
sentence_74.csv,0,4590
sentence_1358.csv,36,1071
sentence_1507.csv,86,3774
sentence_797.csv,728,3621
sentence_146.csv,276,2754
sentence_1732.csv,4,3927
sentence_1683.csv,0,6732
sentence_1740.csv,4,3876
sentence_919.csv,1214,6426
sentence_244.csv,0,9435
sentence_1275.csv,4,3519
sentence_739.csv,230,6324
sentence_471.csv,512,9027
sentence_898.csv,0,4794
sentence_816.csv,0,7803
sentence_1611.csv,0,4692
sentence_1373.csv,208,3468
sentence_568.csv,572,4896
sentence_118.csv,716,2907
sentence_566.csv,1144,8007
sentence_189.csv,0,3264
sentence_822.csv,0,4029
sentence_394.csv,0,3468
sentence_455.csv,106,3366
sentence_1600.csv,1190,6528
sentence_1764.csv,44,1989
sentence_769.csv,164,3417
sentence_1636.csv,68,2856
sentence_824.csv,0,2040
sentence_1152.csv,56,1785
sentence_409.csv,104,8568
sentence_1783.csv,0,7038
sentence_155.csv,0,8058
sentence_907.csv,0,2550
sentence_1018.csv,0,6834
sentence_1277.csv,138,6783
sentence_353.csv,282,4437
sentence_397.csv,190,5610
sentence_1693.csv,0,5049
sentence_1348.csv,112,4233
sentence_756.csv,54,4233
sentence_1008.csv,0,1938
sentence_1410.csv,0,4947
sentence_1612.csv,4,4437
sentence_929.csv,540,6732
sentence_200.csv,0,3876
sentence_1363.csv,402,4233
sentence_498.csv,156,2958
sentence_780.csv,122,1071
sentence_1531.csv,256,5406
sentence_611.csv,8,7344
sentence_69.csv,172,5559
sentence_283.csv,262,5406
sentence_1514.csv,2,2703
sentence_525.csv,70,1122
sentence_81.csv,0,3111
sentence_1002.csv,2,9486
sentence_766.csv,2,765
sentence_1137.csv,4,3315
sentence_247.csv,6,5712
sentence_1014.csv,582,2448
sentence_517.csv,0,5661
sentence_578.csv,0,5763
sentence_1605.csv,38,5814
sentence_720.csv,296,7191
sentence_1086.csv,6,6936
sentence_1639.csv,2,6681
sentence_1310.csv,4,2040
sentence_1604.csv,0,2244
sentence_1633.csv,6,2703
sentence_1742.csv,142,6630
sentence_736.csv,566,4947
sentence_286.csv,0,4539
sentence_670.csv,26,5100
sentence_928.csv,0,5304
sentence_1648.csv,60,1632
sentence_459.csv,232,4131
sentence_725.csv,2,6987
sentence_1754.csv,164,4947
sentence_1765.csv,2190,7803
sentence_385.csv,0,6222
sentence_1206.csv,342,1785
sentence_1168.csv,390,6120
sentence_1519.csv,0,4386
sentence_192.csv,96,6018
sentence_916.csv,0,3468
sentence_1724.csv,2,7752
sentence_965.csv,180,4590
sentence_1078.csv,1284,5559
sentence_1770.csv,0,3213
sentence_1782.csv,476,2805
sentence_653.csv,182,6528
sentence_1629.csv,0,1887
sentence_1327.csv,10,765
sentence_427.csv,4,5865
sentence_1628.csv,0,2244
sentence_88.csv,4,4182
sentence_375.csv,0,4896
sentence_1203.csv,86,2040
sentence_1316.csv,494,5202
sentence_619.csv,0,1887
sentence_46.csv,14,3723
sentence_554.csv,0,3672
sentence_854.csv,704,5610
sentence_538.csv,2,5202
sentence_1174.csv,0,6477
sentence_751.csv,130,1683
sentence_1359.csv,0,4437
sentence_1717.csv,0,4590
sentence_1610.csv,2,6120
sentence_915.csv,2,2346
sentence_405.csv,3170,5559
sentence_1772.csv,0,3927
sentence_1542.csv,2,9537
sentence_1356.csv,0,5916
sentence_139.csv,0,4335
sentence_51.csv,2,8364
sentence_946.csv,632,4539
sentence_1618.csv,10,7752
sentence_242.csv,0,3009
sentence_439.csv,458,2652
sentence_1023.csv,0,2193
sentence_28.csv,0,5253
sentence_1594.csv,0,8160
sentence_1678.csv,1466,5508
sentence_1528.csv,8,1377
sentence_1220.csv,72,6018
sentence_1222.csv,6,3978
sentence_1324.csv,4,1887
sentence_645.csv,0,4539
sentence_1419.csv,1972,4182
sentence_418.csv,28,6222
sentence_1117.csv,0,6018
sentence_1568.csv,4,2754
sentence_279.csv,0,3213
sentence_284.csv,68,9384
sentence_1264.csv,418,8364
sentence_1484.csv,392,3825
sentence_282.csv,2,5100
sentence_652.csv,52,1377
sentence_1809.csv,50,2550
sentence_1571.csv,6,5100
sentence_1083.csv,0,4284
sentence_1416.csv,50,2958
sentence_1502.csv,50,561
sentence_801.csv,2500,4947
sentence_1598.csv,0,3264
sentence_333.csv,2,4539
sentence_860.csv,78,2652
sentence_1159.csv,102,3723
sentence_1030.csv,92,1122
sentence_228.csv,4,5559
sentence_411.csv,322,4284
sentence_1465.csv,0,3570
sentence_572.csv,0,4335
sentence_198.csv,6,1989
sentence_1336.csv,0,5967
sentence_1183.csv,0,3162
sentence_528.csv,164,3927
sentence_1561.csv,0,3111
sentence_1035.csv,612,4131
sentence_153.csv,0,2499
sentence_1208.csv,44,3213
sentence_1450.csv,338,8823
sentence_1132.csv,130,3519
sentence_607.csv,50,5559
sentence_1641.csv,2,3060
sentence_753.csv,88,561
sentence_490.csv,6,3825
sentence_1670.csv,0,7293
sentence_1108.csv,126,2295
sentence_551.csv,198,1734
sentence_838.csv,626,5712
sentence_573.csv,0,4131
sentence_865.csv,762,3315
sentence_372.csv,24,1326
sentence_981.csv,22,2244
sentence_1342.csv,2,3315
sentence_1155.csv,26,6171
sentence_857.csv,198,5865
sentence_1796.csv,0,6120
sentence_809.csv,2,1428
sentence_1180.csv,126,6681
sentence_1357.csv,0,6324
sentence_1247.csv,2,4386
sentence_747.csv,48,1632
sentence_484.csv,102,2754
sentence_549.csv,150,1938
sentence_603.csv,130,4947
sentence_366.csv,376,7599
sentence_181.csv,0,3315
sentence_999.csv,108,3978
sentence_1492.csv,220,1377
sentence_802.csv,0,5712
sentence_1360.csv,0,3723
sentence_1672.csv,2,3876
sentence_764.csv,0,4539
sentence_1279.csv,118,918
sentence_1723.csv,700,1632
sentence_1515.csv,0,7650
sentence_1706.csv,0,4845
sentence_1499.csv,324,2142
sentence_794.csv,0,3876
sentence_1788.csv,0,6069
sentence_1513.csv,12,7701
sentence_1626.csv,254,2040
sentence_743.csv,6,1836
sentence_1260.csv,2,1377
sentence_203.csv,0,3876
sentence_1239.csv,6,6273
sentence_1581.csv,2032,5304
sentence_1787.csv,160,1071
sentence_249.csv,30,3315
sentence_254.csv,120,4488
sentence_708.csv,0,2856
sentence_1395.csv,0,1989
sentence_700.csv,0,4437
sentence_754.csv,0,5865
sentence_679.csv,12,2958
sentence_539.csv,138,6630
sentence_230.csv,106,7140
sentence_526.csv,0,6783
sentence_1511.csv,22,5457
sentence_451.csv,90,1479
sentence_258.csv,6,9537
sentence_1583.csv,2,6834
sentence_560.csv,6,6834
sentence_940.csv,80,3111
sentence_1292.csv,96,3876
sentence_727.csv,0,4335
sentence_638.csv,0,3468
sentence_1769.csv,96,4743
sentence_463.csv,12,3162
sentence_361.csv,56,5457
sentence_1118.csv,2,5151
sentence_31.csv,0,4488
sentence_593.csv,0,4233
sentence_714.csv,380,3213
sentence_138.csv,14,408
sentence_1044.csv,0,5049
sentence_251.csv,2,4029
sentence_292.csv,4,1377
sentence_452.csv,0,2958
sentence_1746.csv,0,6579
sentence_1529.csv,880,6834
sentence_1548.csv,6,2040
sentence_126.csv,20,3774
sentence_491.csv,116,765
sentence_631.csv,708,5916
sentence_880.csv,50,8619
sentence_60.csv,1018,6681
sentence_815.csv,1442,2346
sentence_322.csv,44,5814
sentence_567.csv,0,8823
sentence_1523.csv,72,969
sentence_1653.csv,0,3060
sentence_110.csv,458,3315
sentence_806.csv,4102,5253
sentence_637.csv,2,2703
sentence_1069.csv,2,3978
sentence_379.csv,0,5865
sentence_575.csv,300,6987
sentence_1179.csv,16,1479
sentence_1539.csv,274,5661
sentence_1728.csv,34,3672
sentence_954.csv,226,2958
sentence_334.csv,0,2244
sentence_966.csv,6,5049
sentence_240.csv,0,9537
sentence_1810.csv,1186,2958
sentence_1442.csv,462,2244
sentence_1352.csv,14,1887
sentence_963.csv,106,1683
sentence_1372.csv,164,5916
sentence_147.csv,10,1377
sentence_478.csv,0,6018
sentence_1759.csv,536,2805
sentence_1578.csv,0,6936
sentence_1349.csv,6,714
sentence_1038.csv,214,7293
sentence_636.csv,64,4437
sentence_1084.csv,0,3978
sentence_755.csv,124,1734
sentence_614.csv,188,2244
sentence_618.csv,0,4947
sentence_1170.csv,48,510
sentence_275.csv,0,2499
sentence_220.csv,0,6477
sentence_665.csv,332,1275
sentence_1013.csv,32,4233
sentence_1166.csv,0,5304
sentence_167.csv,152,2550
sentence_221.csv,74,3621
sentence_1666.csv,0,6018
sentence_346.csv,224,1734
sentence_1119.csv,12,6018
sentence_926.csv,442,4233
sentence_511.csv,114,2601
sentence_175.csv,32,4947
sentence_1525.csv,470,5049
sentence_109.csv,16,3009
sentence_1606.csv,0,6273
sentence_338.csv,6,4488
sentence_895.csv,126,1785
sentence_985.csv,206,2499
sentence_657.csv,0,5865
sentence_592.csv,182,7038
sentence_1195.csv,844,3570
sentence_1676.csv,532,7038
sentence_1229.csv,0,2193
sentence_810.csv,32,1989
sentence_1699.csv,0,4182
sentence_887.csv,0,5100
sentence_1172.csv,0,5457
sentence_828.csv,412,3162
sentence_624.csv,0,6069
sentence_840.csv,186,3213
sentence_1092.csv,0,7191
sentence_885.csv,724,2346
sentence_1052.csv,0,1836
sentence_988.csv,0,6783
sentence_340.csv,118,4794
sentence_1646.csv,4,4284
sentence_266.csv,158,3927
sentence_930.csv,0,2295
sentence_290.csv,308,3417
sentence_1634.csv,0,6018
sentence_1236.csv,224,5049
sentence_92.csv,2,3519
sentence_1536.csv,208,6324
sentence_1510.csv,112,4437
sentence_856.csv,86,1581
sentence_804.csv,0,2703
sentence_231.csv,168,5355
sentence_582.csv,218,4947
sentence_1545.csv,2,5559
sentence_209.csv,66,3825
sentence_62.csv,24,8262
sentence_482.csv,0,4947
sentence_1544.csv,300,9486
sentence_223.csv,10,2550
sentence_1692.csv,46,1836
sentence_1453.csv,4,3825
sentence_174.csv,0,5865
sentence_169.csv,208,459
sentence_910.csv,58,4488
sentence_875.csv,132,4029
sentence_1491.csv,154,4182
sentence_1124.csv,14,459
sentence_172.csv,964,5253
sentence_808.csv,4,5100
sentence_1063.csv,0,5304
sentence_524.csv,36,6477
sentence_1741.csv,0,2091
sentence_125.csv,8,3825
sentence_1314.csv,220,4692
sentence_1362.csv,218,3723
sentence_934.csv,688,7140
sentence_179.csv,2,9333
sentence_404.csv,208,3774
sentence_1434.csv,174,1785
sentence_675.csv,0,3621
sentence_82.csv,0,8058
sentence_339.csv,0,1428
sentence_576.csv,0,5406
sentence_695.csv,14,1938
sentence_1062.csv,78,4590
sentence_723.csv,14,3519
sentence_632.csv,436,5202
sentence_701.csv,160,7956
sentence_882.csv,0,4641
sentence_156.csv,0,4182
sentence_1029.csv,134,714
sentence_968.csv,6,5661
sentence_1802.csv,162,4539
sentence_704.csv,182,4386
sentence_23.csv,130,459
sentence_881.csv,0,6273
sentence_1805.csv,112,1683
sentence_716.csv,0,2091
sentence_659.csv,260,4998
sentence_1077.csv,0,4080
sentence_913.csv,0,3213
sentence_667.csv,36,5865
sentence_1333.csv,16,4743
sentence_317.csv,0,4794
sentence_232.csv,0,5916
sentence_837.csv,230,5049
sentence_993.csv,0,5712
sentence_1694.csv,78,1479
sentence_1630.csv,2,2958
sentence_1219.csv,112,4641
sentence_626.csv,80,3264
sentence_788.csv,0,7344
sentence_301.csv,0,4335
sentence_123.csv,0,3723
sentence_392.csv,0,3876
sentence_760.csv,2,3468
sentence_1057.csv,0,6171
sentence_238.csv,0,4896
sentence_327.csv,20,3366
sentence_717.csv,0,6018
sentence_1455.csv,4,4947
sentence_272.csv,218,2448
sentence_1011.csv,2,3672
sentence_740.csv,8,7089
sentence_1665.csv,0,7242
sentence_417.csv,0,6222
sentence_241.csv,250,2499
sentence_145.csv,284,2040
sentence_1049.csv,28,1173
sentence_140.csv,0,6324
sentence_1268.csv,306,1530
sentence_1243.csv,0,6885
sentence_443.csv,872,1479
sentence_1779.csv,0,6630
sentence_373.csv,0,2652
sentence_1251.csv,0,1632
sentence_1521.csv,598,4641
sentence_288.csv,2,5814
sentence_1713.csv,0,5253
sentence_1107.csv,12,2244
sentence_853.csv,28,3723
sentence_515.csv,0,7140
sentence_761.csv,44,5712
sentence_466.csv,406,1581
sentence_734.csv,0,7242
sentence_1075.csv,2,4131
sentence_1254.csv,278,5100
sentence_429.csv,534,4845
sentence_1169.csv,0,7701
sentence_765.csv,200,3162
sentence_1712.csv,626,2805
sentence_1099.csv,60,918
sentence_1451.csv,0,2805
sentence_468.csv,284,6783
sentence_562.csv,264,5202
sentence_1228.csv,462,5304
sentence_829.csv,0,6579
sentence_489.csv,0,4386
sentence_1735.csv,2,1785
sentence_1041.csv,0,4386
sentence_445.csv,2170,9078
sentence_1603.csv,0,3009
sentence_623.csv,100,2295
sentence_606.csv,216,5967
sentence_1242.csv,590,2193
sentence_694.csv,60,3111
sentence_180.csv,2,3927
sentence_1474.csv,0,2193
sentence_782.csv,0,6630
sentence_1304.csv,36,6936
sentence_892.csv,0,4947
sentence_163.csv,2,1683
sentence_1596.csv,1132,6681
sentence_270.csv,0,4131
sentence_983.csv,0,1836
sentence_9.csv,0,1734
sentence_370.csv,8,1377
sentence_1645.csv,408,2142
sentence_1165.csv,0,4029
sentence_1801.csv,0,3876
sentence_354.csv,2,5253
sentence_1199.csv,0,4335
sentence_1143.csv,10,1479
sentence_1457.csv,48,663
sentence_173.csv,8,2652
sentence_1791.csv,22,4233
sentence_1301.csv,2,2040
sentence_1317.csv,0,4488
sentence_767.csv,0,4641
sentence_591.csv,0,4641
sentence_1428.csv,84,1785
sentence_296.csv,616,3621
sentence_424.csv,12,2499
sentence_1556.csv,1118,8721
sentence_962.csv,562,5814
sentence_1396.csv,2028,2448
sentence_920.csv,54,8058
sentence_859.csv,0,4335
sentence_935.csv,166,6171
sentence_382.csv,6,6018
sentence_830.csv,36,1989
sentence_1569.csv,164,1581
sentence_532.csv,0,3213
sentence_627.csv,320,5100
sentence_877.csv,1782,4386
sentence_1588.csv,8,5865
sentence_129.csv,0,3570
sentence_521.csv,2,3723
sentence_1134.csv,2,3927
sentence_458.csv,124,3468
sentence_1284.csv,0,1836
sentence_1794.csv,0,3468
sentence_1570.csv,1050,4284
sentence_304.csv,400,6018
sentence_912.csv,8,3060
sentence_1473.csv,4,5406
sentence_527.csv,408,3927
sentence_872.csv,2,7140
sentence_669.csv,2086,3927
sentence_1281.csv,0,4284
sentence_1322.csv,96,2754
sentence_1104.csv,136,4488
sentence_531.csv,2,2550
sentence_1130.csv,0,2601
sentence_319.csv,48,1071
sentence_1355.csv,410,1989
sentence_1518.csv,40,1887
sentence_742.csv,366,4896
sentence_488.csv,952,3723
sentence_143.csv,0,5865
sentence_1503.csv,324,1989
sentence_1065.csv,2,1377
sentence_1288.csv,188,4590
sentence_115.csv,30,4182
sentence_428.csv,240,3978
sentence_1563.csv,0,6885
sentence_1715.csv,0,4437
sentence_453.csv,0,1173
sentence_1050.csv,994,2193
sentence_27.csv,596,10251
sentence_922.csv,240,6477
sentence_1637.csv,2,4692
sentence_1773.csv,0,5151
sentence_1308.csv,0,6477
sentence_1088.csv,54,6273
sentence_557.csv,238,5967
sentence_883.csv,636,4794
sentence_522.csv,0,1683
sentence_1730.csv,248,6171
sentence_1403.csv,0,5049
sentence_36.csv,0,6681
sentence_1560.csv,168,612
sentence_494.csv,4,3621
sentence_398.csv,14,4335
sentence_49.csv,0,9843
sentence_1682.csv,0,5049
sentence_949.csv,14,6171
sentence_1613.csv,108,306
sentence_927.csv,6,2346
sentence_847.csv,6,6630
sentence_42.csv,0,6885
sentence_1483.csv,304,2397
sentence_1440.csv,0,2040
sentence_1438.csv,6,3264
sentence_1709.csv,54,2754
sentence_1567.csv,0,4233
sentence_621.csv,90,2754
sentence_1263.csv,132,3570
sentence_475.csv,366,6426
sentence_312.csv,4,3213
sentence_1227.csv,114,2397
sentence_1167.csv,0,3009
sentence_672.csv,78,2499
sentence_205.csv,362,3009
sentence_1458.csv,646,1479
sentence_789.csv,0,5151
sentence_504.csv,0,5049
sentence_1188.csv,0,7089
sentence_536.csv,38,5610
sentence_215.csv,2,4437
sentence_556.csv,4,3468
sentence_1721.csv,0,8976
sentence_1609.csv,748,2856
sentence_1255.csv,78,816
sentence_323.csv,0,1734
sentence_497.csv,4,3672
sentence_1708.csv,1852,6222
sentence_423.csv,90,3723
sentence_1187.csv,426,2091
sentence_171.csv,0,3927
sentence_277.csv,0,1785
sentence_374.csv,0,2448
sentence_1538.csv,0,3111
sentence_183.csv,0,6477
sentence_1407.csv,104,1530
sentence_1745.csv,168,1530
sentence_461.csv,4,5406
sentence_1184.csv,248,2754
sentence_1608.csv,1482,2193
sentence_149.csv,74,6834
sentence_1089.csv,850,5406
sentence_1420.csv,12,5151
sentence_509.csv,0,4437
sentence_212.csv,56,816
sentence_858.csv,140,4794
sentence_762.csv,0,6783
sentence_964.csv,0,2499
sentence_1546.csv,10,4386
sentence_707.csv,2,1887
sentence_844.csv,56,4896
sentence_436.csv,16,2601
sentence_1714.csv,320,1224
sentence_1096.csv,0,2550
sentence_77.csv,0,5814
sentence_1053.csv,256,3978
sentence_1697.csv,0,6783
sentence_32.csv,0,1530
sentence_217.csv,12,2958
sentence_979.csv,32,1734
sentence_253.csv,10,5100
sentence_1198.csv,0,2754
sentence_78.csv,0,5916
sentence_687.csv,168,1377
sentence_14.csv,18,4488
sentence_1009.csv,0,4386
sentence_931.csv,0,6681
sentence_465.csv,748,7956
sentence_1068.csv,32,2397
sentence_1045.csv,442,5100
sentence_502.csv,430,1173
sentence_1660.csv,0,5100
sentence_1505.csv,2,3723
sentence_124.csv,4,3213
sentence_303.csv,0,3876
sentence_1601.csv,192,3621
sentence_1423.csv,198,4029
sentence_1624.csv,302,5151
sentence_610.csv,0,6273
sentence_746.csv,2374,4284
sentence_602.csv,24,1785
sentence_444.csv,0,3315
sentence_1804.csv,420,5508
sentence_722.csv,0,6936
sentence_507.csv,2,6885
sentence_1037.csv,1490,7752
sentence_1374.csv,40,612
sentence_1627.csv,0,3621
sentence_849.csv,78,2601
sentence_367.csv,542,2601
sentence_208.csv,0,2601
sentence_326.csv,14,4896
sentence_1331.csv,1196,2601
sentence_103.csv,328,2856
sentence_431.csv,2,2703
sentence_130.csv,0,4998
sentence_1520.csv,0,3978
sentence_1795.csv,2,7905
sentence_792.csv,0,3162
sentence_1025.csv,6,5661
sentence_352.csv,0,6120
sentence_732.csv,64,8772
sentence_1437.csv,48,1836
sentence_1213.csv,24,5049
sentence_225.csv,204,2499
sentence_961.csv,4,4998
sentence_1100.csv,76,5049
sentence_1367.csv,250,3672
sentence_50.csv,180,1581
sentence_651.csv,718,5151
sentence_1216.csv,368,4794
sentence_1197.csv,424,3519
sentence_1116.csv,1554,6732
sentence_904.csv,12,2856
sentence_783.csv,0,2550
sentence_948.csv,338,3876
sentence_435.csv,168,2448
sentence_1142.csv,448,1275
sentence_101.csv,0,4590
sentence_64.csv,0,1938
sentence_846.csv,100,5661
sentence_462.csv,42,1020
sentence_1005.csv,578,6120
sentence_182.csv,32,4539
sentence_1085.csv,196,6783
sentence_1361.csv,0,7395
sentence_1074.csv,0,5202
sentence_481.csv,2,6528
sentence_1541.csv,132,1989
sentence_1616.csv,0,8109
sentence_188.csv,284,1428
sentence_693.csv,0,8517
sentence_1060.csv,2,4131
sentence_890.csv,0,4284
sentence_391.csv,702,1122
sentence_728.csv,46,4437
sentence_395.csv,8,5151
sentence_1189.csv,398,1479
sentence_1054.csv,242,612
sentence_1379.csv,6,5355
sentence_95.csv,0,4692
sentence_776.csv,286,1326
sentence_165.csv,14,2958
sentence_477.csv,2,4284
sentence_696.csv,0,4182
sentence_1643.csv,116,2958
sentence_1799.csv,0,1428
sentence_1790.csv,0,2754
sentence_396.csv,2,3264
sentence_1016.csv,10,5406
sentence_1385.csv,0,1683
sentence_1690.csv,46,4080
sentence_1160.csv,0,3315
